route_id,Departure_Airport,Arrival_Airport,Airline,total_flights,avg_satisfaction,avg_delay_minutes,no_show_rate,pct_cancelled,pct_delayed,pct_on_time,avg_price_usd,avg_duration_minutes,avg_distance_miles,weather_impact_rate,performance_tier
ATL-ATL-American_Airlines,ATL,ATL,American Airlines,25,7.44,8.12,0.04,0.0,0.24,0.76,323.619,176.88,1214.68,0.08,Average
ATL-ATL-Delta,ATL,ATL,Delta,18,7.183,13.389,0.0,0.056,0.167,0.778,386.53,152.667,1205.333,0.167,Average
ATL-ATL-JetBlue,ATL,ATL,JetBlue,30,7.417,14.733,0.033,0.033,0.167,0.8,384.326,187.133,1207.067,0.167,Average
ATL-ATL-Southwest,ATL,ATL,Southwest,28,7.132,9.179,0.0,0.071,0.143,0.786,336.937,152.321,1187.0,0.214,Average
ATL-ATL-United,ATL,ATL,United,34,6.826,10.382,0.118,0.118,0.147,0.735,377.217,166.529,1196.471,0.059,Needs Improvement
ATL-DEN-American_Airlines,ATL,DEN,American Airlines,33,7.158,6.394,0.091,0.0,0.182,0.818,356.988,196.03,1116.121,0.061,Average
ATL-DEN-Delta,ATL,DEN,Delta,22,6.941,11.182,0.0,0.045,0.091,0.864,341.12,163.136,1241.864,0.045,Average
ATL-DEN-JetBlue,ATL,DEN,JetBlue,36,7.186,9.694,0.056,0.083,0.222,0.694,372.471,187.306,1156.444,0.167,Needs Improvement
ATL-DEN-Southwest,ATL,DEN,Southwest,23,7.048,10.174,0.0,0.043,0.087,0.87,341.669,175.826,1175.13,0.13,Average
ATL-DEN-United,ATL,DEN,United,42,6.743,9.881,0.095,0.071,0.143,0.786,338.081,182.238,1192.667,0.119,Average
ATL-DFW-American_Airlines,ATL,DFW,American Airlines,28,6.7,9.571,0.0,0.179,0.071,0.75,346.39,182.607,1148.321,0.143,Average
ATL-DFW-Delta,ATL,DFW,Delta,37,6.605,8.568,0.054,0.027,0.216,0.757,327.792,185.054,1084.892,0.162,Average
ATL-DFW-JetBlue,ATL,DFW,JetBlue,34,6.153,8.529,0.029,0.029,0.176,0.794,320.446,175.382,1133.941,0.265,Needs Improvement
ATL-DFW-Southwest,ATL,DFW,Southwest,37,6.805,11.622,0.027,0.027,0.216,0.757,322.681,183.595,1286.351,0.162,Average
ATL-DFW-United,ATL,DFW,United,26,7.196,8.769,0.0,0.0,0.077,0.923,334.296,176.308,1257.308,0.115,Average
ATL-JFK-American_Airlines,ATL,JFK,American Airlines,32,6.731,11.0,0.062,0.062,0.094,0.844,339.793,165.438,1187.125,0.062,Average
ATL-JFK-Delta,ATL,JFK,Delta,27,7.233,8.259,0.074,0.037,0.185,0.778,389.213,180.296,1184.0,0.148,Average
ATL-JFK-JetBlue,ATL,JFK,JetBlue,27,7.059,7.519,0.0,0.0,0.148,0.852,337.072,180.889,1197.0,0.259,Average
ATL-JFK-Southwest,ATL,JFK,Southwest,38,7.234,8.158,0.026,0.026,0.132,0.842,341.214,185.974,1209.211,0.132,Average
ATL-JFK-United,ATL,JFK,United,25,7.356,9.0,0.0,0.12,0.04,0.84,348.725,184.72,1193.24,0.2,Average
ATL-LAX-American_Airlines,ATL,LAX,American Airlines,29,6.869,12.828,0.0,0.069,0.103,0.828,356.351,204.379,1343.586,0.103,Average
ATL-LAX-Delta,ATL,LAX,Delta,26,7.004,13.923,0.0,0.077,0.077,0.846,357.556,183.154,1300.269,0.038,Average
ATL-LAX-JetBlue,ATL,LAX,JetBlue,37,7.043,11.757,0.081,0.027,0.108,0.865,375.31,180.946,1198.73,0.135,Average
ATL-LAX-Southwest,ATL,LAX,Southwest,25,6.9,10.88,0.04,0.0,0.24,0.76,392.109,171.84,1067.72,0.2,Average
ATL-LAX-United,ATL,LAX,United,34,6.935,10.647,0.029,0.029,0.118,0.853,343.913,198.588,1132.882,0.235,Average
ATL-ORD-American_Airlines,ATL,ORD,American Airlines,38,7.239,9.816,0.105,0.079,0.132,0.789,343.26,199.0,1197.842,0.211,Average
ATL-ORD-Delta,ATL,ORD,Delta,32,7.391,7.875,0.031,0.062,0.062,0.875,286.495,188.719,1207.719,0.25,High Performing
ATL-ORD-JetBlue,ATL,ORD,JetBlue,31,7.194,10.742,0.032,0.097,0.129,0.774,376.532,174.581,1183.355,0.129,Average
ATL-ORD-Southwest,ATL,ORD,Southwest,41,7.007,9.707,0.073,0.049,0.171,0.78,348.245,174.61,1192.634,0.171,Average
ATL-ORD-United,ATL,ORD,United,27,7.037,4.889,0.0,0.037,0.111,0.852,323.32,192.519,1209.741,0.148,Average
ATL-SEA-American_Airlines,ATL,SEA,American Airlines,32,7.475,9.875,0.062,0.062,0.219,0.719,369.256,199.062,1273.812,0.156,Needs Improvement
ATL-SEA-Delta,ATL,SEA,Delta,37,6.6,8.865,0.135,0.054,0.189,0.757,327.738,191.405,1140.081,0.135,Average
ATL-SEA-JetBlue,ATL,SEA,JetBlue,36,6.953,10.056,0.056,0.028,0.056,0.917,379.301,171.833,1217.889,0.056,Average
ATL-SEA-Southwest,ATL,SEA,Southwest,19,6.295,11.632,0.053,0.053,0.263,0.684,353.234,188.737,1275.842,0.053,Needs Improvement
ATL-SEA-United,ATL,SEA,United,31,6.919,8.903,0.065,0.065,0.194,0.742,388.139,166.871,1250.097,0.129,Needs Improvement
ATL-SFO-American_Airlines,ATL,SFO,American Airlines,34,7.035,6.382,0.029,0.088,0.118,0.794,332.558,168.0,1250.118,0.147,Average
ATL-SFO-Delta,ATL,SFO,Delta,39,7.377,10.923,0.0,0.128,0.128,0.744,347.533,200.487,1216.385,0.154,Needs Improvement
ATL-SFO-JetBlue,ATL,SFO,JetBlue,35,7.0,14.171,0.057,0.057,0.086,0.857,352.217,177.971,1216.143,0.114,Average
ATL-SFO-Southwest,ATL,SFO,Southwest,21,6.829,10.619,0.048,0.048,0.238,0.714,355.814,164.524,1215.19,0.143,Needs Improvement
ATL-SFO-United,ATL,SFO,United,31,6.884,9.097,0.065,0.129,0.129,0.742,344.692,192.935,1174.323,0.032,Needs Improvement
DEN-ATL-American_Airlines,DEN,ATL,American Airlines,29,7.155,8.621,0.138,0.034,0.207,0.759,315.413,181.31,1195.828,0.138,Average
DEN-ATL-Delta,DEN,ATL,Delta,35,6.771,11.2,0.114,0.114,0.086,0.8,350.151,178.057,1138.686,0.257,Average
DEN-ATL-JetBlue,DEN,ATL,JetBlue,34,7.206,8.471,0.0,0.029,0.118,0.853,378.378,181.912,1109.118,0.147,High Performing
DEN-ATL-Southwest,DEN,ATL,Southwest,29,6.879,11.034,0.069,0.0,0.207,0.793,344.041,181.034,1288.724,0.207,Average
DEN-ATL-United,DEN,ATL,United,35,6.786,7.743,0.029,0.0,0.2,0.8,361.733,179.0,1155.286,0.171,Average
DEN-DEN-American_Airlines,DEN,DEN,American Airlines,36,6.753,12.611,0.056,0.028,0.083,0.889,335.74,190.778,1232.111,0.111,Average
DEN-DEN-Delta,DEN,DEN,Delta,29,7.366,7.793,0.069,0.034,0.241,0.724,368.92,174.828,1213.655,0.138,Needs Improvement
DEN-DEN-JetBlue,DEN,DEN,JetBlue,30,6.757,10.133,0.033,0.067,0.067,0.867,342.359,167.6,1201.3,0.267,Average
DEN-DEN-Southwest,DEN,DEN,Southwest,27,7.13,9.963,0.037,0.074,0.037,0.889,337.852,169.0,1225.37,0.148,Average
DEN-DEN-United,DEN,DEN,United,28,7.175,9.071,0.107,0.107,0.143,0.75,340.662,189.393,1141.214,0.107,Average
DEN-DFW-American_Airlines,DEN,DFW,American Airlines,35,6.743,9.514,0.029,0.029,0.171,0.8,358.743,180.514,1234.343,0.257,Average
DEN-DFW-Delta,DEN,DFW,Delta,31,6.755,10.323,0.065,0.065,0.161,0.774,339.317,186.484,1220.355,0.161,Average
DEN-DFW-JetBlue,DEN,DFW,JetBlue,25,6.68,7.64,0.08,0.04,0.2,0.76,344.17,172.2,1180.24,0.16,Average
DEN-DFW-Southwest,DEN,DFW,Southwest,39,7.385,9.923,0.051,0.051,0.103,0.846,364.716,190.154,1181.308,0.128,Average
DEN-DFW-United,DEN,DFW,United,32,7.509,9.188,0.062,0.062,0.125,0.812,325.804,189.469,1209.188,0.125,Average
DEN-JFK-American_Airlines,DEN,JFK,American Airlines,39,7.087,9.513,0.026,0.0,0.077,0.923,365.375,163.615,1174.795,0.103,Average
DEN-JFK-Delta,DEN,JFK,Delta,20,6.715,13.4,0.15,0.05,0.2,0.75,388.417,180.7,1118.5,0.25,Average
DEN-JFK-JetBlue,DEN,JFK,JetBlue,22,7.305,7.909,0.045,0.0,0.136,0.864,323.197,182.955,1148.455,0.091,High Performing
DEN-JFK-Southwest,DEN,JFK,Southwest,40,7.128,12.175,0.025,0.075,0.125,0.8,336.3,181.7,1215.2,0.15,Average
DEN-JFK-United,DEN,JFK,United,31,6.89,8.226,0.032,0.032,0.129,0.839,357.436,193.645,1196.935,0.194,Average
DEN-LAX-American_Airlines,DEN,LAX,American Airlines,35,6.789,10.457,0.057,0.086,0.086,0.829,336.771,173.686,1160.514,0.171,Average
DEN-LAX-Delta,DEN,LAX,Delta,40,6.835,9.225,0.025,0.05,0.2,0.75,311.774,179.7,1226.475,0.175,Average
DEN-LAX-JetBlue,DEN,LAX,JetBlue,29,7.197,11.103,0.103,0.034,0.034,0.931,338.225,186.379,1220.655,0.0,Average
DEN-LAX-Southwest,DEN,LAX,Southwest,35,6.946,13.086,0.086,0.0,0.143,0.857,358.549,197.4,1224.057,0.114,Average
DEN-LAX-United,DEN,LAX,United,28,7.268,10.536,0.036,0.036,0.25,0.714,349.638,191.75,1289.107,0.179,Needs Improvement
DEN-ORD-American_Airlines,DEN,ORD,American Airlines,26,6.492,13.731,0.192,0.038,0.192,0.769,357.047,183.0,1264.346,0.154,Needs Improvement
DEN-ORD-Delta,DEN,ORD,Delta,31,7.01,10.581,0.032,0.032,0.097,0.871,355.104,194.839,1170.677,0.161,Average
DEN-ORD-JetBlue,DEN,ORD,JetBlue,31,6.897,9.194,0.097,0.032,0.226,0.742,348.597,179.935,1181.677,0.129,Needs Improvement
DEN-ORD-Southwest,DEN,ORD,Southwest,21,7.39,10.619,0.0,0.048,0.143,0.81,371.13,176.095,1239.048,0.286,Average
DEN-ORD-United,DEN,ORD,United,31,6.723,9.516,0.129,0.0,0.194,0.806,328.02,186.0,1208.29,0.226,Average
DEN-SEA-American_Airlines,DEN,SEA,American Airlines,30,7.02,11.633,0.1,0.067,0.233,0.7,351.913,190.1,1193.433,0.2,Needs Improvement
DEN-SEA-Delta,DEN,SEA,Delta,29,6.845,9.276,0.034,0.034,0.241,0.724,338.684,179.034,1152.621,0.138,Needs Improvement
DEN-SEA-JetBlue,DEN,SEA,JetBlue,38,6.987,8.053,0.053,0.079,0.211,0.711,325.962,190.5,1258.711,0.132,Needs Improvement
DEN-SEA-Southwest,DEN,SEA,Southwest,28,6.482,10.643,0.071,0.071,0.214,0.714,343.219,187.786,1242.107,0.071,Needs Improvement
DEN-SEA-United,DEN,SEA,United,36,6.872,10.778,0.0,0.028,0.139,0.833,349.472,176.667,1243.278,0.278,Average
DEN-SFO-American_Airlines,DEN,SFO,American Airlines,35,6.677,14.229,0.029,0.057,0.057,0.886,329.802,181.114,1175.8,0.086,Average
DEN-SFO-Delta,DEN,SFO,Delta,31,7.184,8.29,0.065,0.0,0.194,0.806,337.64,174.452,1187.548,0.323,Average
DEN-SFO-JetBlue,DEN,SFO,JetBlue,30,6.98,7.533,0.033,0.0,0.233,0.767,350.123,194.5,1248.167,0.1,Average
DEN-SFO-Southwest,DEN,SFO,Southwest,31,7.097,11.194,0.032,0.032,0.226,0.742,357.521,190.355,1166.613,0.129,Needs Improvement
DEN-SFO-United,DEN,SFO,United,42,7.017,13.476,0.119,0.048,0.238,0.714,338.285,184.119,1188.738,0.119,Needs Improvement
DFW-ATL-American_Airlines,DFW,ATL,American Airlines,29,6.897,11.379,0.0,0.0,0.103,0.897,369.656,199.448,1232.379,0.138,Average
DFW-ATL-Delta,DFW,ATL,Delta,24,6.6,14.625,0.0,0.0,0.042,0.958,347.658,174.875,1249.25,0.125,Average
DFW-ATL-JetBlue,DFW,ATL,JetBlue,34,7.288,13.029,0.118,0.059,0.118,0.824,350.393,177.735,1209.559,0.088,Average
DFW-ATL-Southwest,DFW,ATL,Southwest,28,6.461,10.321,0.0,0.071,0.25,0.679,356.2,179.357,1112.286,0.107,Needs Improvement
DFW-ATL-United,DFW,ATL,United,26,6.95,12.846,0.038,0.038,0.115,0.846,332.562,187.115,1183.962,0.038,Average
DFW-DEN-American_Airlines,DFW,DEN,American Airlines,27,7.093,10.926,0.037,0.0,0.259,0.741,380.321,175.185,1187.593,0.259,Needs Improvement
DFW-DEN-Delta,DFW,DEN,Delta,24,7.217,8.375,0.042,0.0,0.333,0.667,336.314,170.917,1131.583,0.167,Needs Improvement
DFW-DEN-JetBlue,DFW,DEN,JetBlue,31,7.142,8.452,0.032,0.065,0.129,0.806,375.892,159.774,1225.065,0.129,Average
DFW-DEN-Southwest,DFW,DEN,Southwest,32,7.059,7.938,0.062,0.031,0.031,0.938,366.421,179.219,1172.0,0.25,Average
DFW-DEN-United,DFW,DEN,United,39,6.903,9.949,0.026,0.051,0.128,0.821,328.214,149.923,1162.897,0.154,Average
DFW-DFW-American_Airlines,DFW,DFW,American Airlines,35,6.863,10.029,0.029,0.057,0.171,0.771,339.217,174.771,1204.543,0.2,Average
DFW-DFW-Delta,DFW,DFW,Delta,38,7.329,11.289,0.053,0.026,0.184,0.789,334.417,192.0,1240.658,0.132,Average
DFW-DFW-JetBlue,DFW,DFW,JetBlue,32,7.591,10.375,0.062,0.0,0.188,0.812,343.175,201.812,1195.062,0.062,Average
DFW-DFW-Southwest,DFW,DFW,Southwest,41,6.878,8.463,0.073,0.0,0.146,0.854,350.612,192.927,1284.78,0.171,Average
DFW-DFW-United,DFW,DFW,United,25,7.068,10.8,0.04,0.04,0.2,0.76,344.056,185.68,1114.8,0.2,Average
DFW-JFK-American_Airlines,DFW,JFK,American Airlines,35,6.594,8.086,0.057,0.143,0.114,0.743,355.714,186.486,1207.857,0.114,Needs Improvement
DFW-JFK-Delta,DFW,JFK,Delta,26,6.781,14.731,0.077,0.038,0.231,0.731,355.485,186.577,1194.615,0.077,Needs Improvement
DFW-JFK-JetBlue,DFW,JFK,JetBlue,34,6.571,7.941,0.029,0.029,0.147,0.824,335.081,186.412,1173.971,0.206,Average
DFW-JFK-Southwest,DFW,JFK,Southwest,27,6.885,8.222,0.111,0.037,0.148,0.815,382.391,189.148,1146.148,0.185,Average
DFW-JFK-United,DFW,JFK,United,33,6.679,8.182,0.03,0.03,0.091,0.879,347.024,176.394,1233.636,0.121,Average
DFW-LAX-American_Airlines,DFW,LAX,American Airlines,40,6.928,9.85,0.075,0.075,0.225,0.7,351.98,183.5,1291.7,0.1,Needs Improvement
DFW-LAX-Delta,DFW,LAX,Delta,26,6.896,8.692,0.0,0.038,0.038,0.923,346.748,171.423,1184.769,0.308,Average
DFW-LAX-JetBlue,DFW,LAX,JetBlue,25,7.196,12.68,0.04,0.04,0.2,0.76,325.471,184.0,1186.52,0.04,Average
DFW-LAX-Southwest,DFW,LAX,Southwest,29,6.466,11.172,0.034,0.0,0.172,0.828,354.131,187.448,1262.621,0.103,Needs Improvement
DFW-LAX-United,DFW,LAX,United,33,7.176,6.909,0.091,0.061,0.091,0.848,363.745,170.515,1292.485,0.242,Average
DFW-ORD-American_Airlines,DFW,ORD,American Airlines,26,7.219,12.0,0.0,0.038,0.269,0.692,358.527,179.885,1180.846,0.077,Needs Improvement
DFW-ORD-Delta,DFW,ORD,Delta,37,7.073,11.081,0.0,0.027,0.243,0.73,360.077,179.432,1275.946,0.054,Needs Improvement
DFW-ORD-JetBlue,DFW,ORD,JetBlue,40,7.31,9.6,0.05,0.15,0.05,0.8,321.162,184.225,1244.0,0.1,Average
DFW-ORD-Southwest,DFW,ORD,Southwest,40,7.395,7.65,0.1,0.025,0.275,0.7,342.941,165.025,1179.775,0.05,Needs Improvement
DFW-ORD-United,DFW,ORD,United,30,6.737,5.433,0.0,0.033,0.167,0.8,364.459,158.333,1162.667,0.167,Average
DFW-SEA-American_Airlines,DFW,SEA,American Airlines,28,7.311,11.821,0.036,0.143,0.071,0.786,313.766,182.179,1138.857,0.107,Average
DFW-SEA-Delta,DFW,SEA,Delta,30,6.987,7.733,0.067,0.0,0.1,0.9,331.21,183.4,1154.533,0.2,Average
DFW-SEA-JetBlue,DFW,SEA,JetBlue,40,6.73,8.225,0.125,0.025,0.125,0.85,365.838,205.7,1175.725,0.075,Average
DFW-SEA-Southwest,DFW,SEA,Southwest,34,6.926,11.971,0.0,0.059,0.059,0.882,333.82,180.382,1166.882,0.235,Average
DFW-SEA-United,DFW,SEA,United,28,6.893,11.786,0.071,0.071,0.107,0.821,341.966,163.179,1134.929,0.25,Average
DFW-SFO-American_Airlines,DFW,SFO,American Airlines,24,7.058,10.167,0.042,0.0,0.167,0.833,359.512,183.708,1089.875,0.167,Average
DFW-SFO-Delta,DFW,SFO,Delta,21,6.986,13.667,0.048,0.095,0.143,0.762,346.059,182.19,1135.524,0.19,Average
DFW-SFO-JetBlue,DFW,SFO,JetBlue,26,7.538,9.192,0.038,0.038,0.192,0.769,338.293,171.423,1251.577,0.077,Average
DFW-SFO-Southwest,DFW,SFO,Southwest,22,6.777,6.136,0.0,0.045,0.091,0.864,342.441,189.545,1180.909,0.182,Average
DFW-SFO-United,DFW,SFO,United,34,7.126,9.0,0.029,0.088,0.088,0.824,347.137,172.794,1164.588,0.088,Average
JFK-ATL-American_Airlines,JFK,ATL,American Airlines,44,6.995,10.023,0.045,0.045,0.114,0.841,353.265,191.773,1231.114,0.227,Average
JFK-ATL-Delta,JFK,ATL,Delta,27,6.856,7.926,0.0,0.074,0.148,0.778,314.587,149.074,1104.63,0.111,Average
JFK-ATL-JetBlue,JFK,ATL,JetBlue,32,6.959,12.125,0.0,0.094,0.156,0.75,377.919,195.656,1135.094,0.156,Average
JFK-ATL-Southwest,JFK,ATL,Southwest,33,7.385,8.485,0.152,0.03,0.121,0.848,366.902,174.636,1210.03,0.121,Average
JFK-ATL-United,JFK,ATL,United,22,7.055,13.273,0.091,0.045,0.091,0.864,329.137,192.091,1273.182,0.227,Average
JFK-DEN-American_Airlines,JFK,DEN,American Airlines,35,6.954,12.2,0.029,0.0,0.114,0.886,339.233,174.457,1226.514,0.229,Average
JFK-DEN-Delta,JFK,DEN,Delta,46,7.054,8.0,0.043,0.065,0.152,0.783,347.074,190.826,1191.087,0.217,Average
JFK-DEN-JetBlue,JFK,DEN,JetBlue,25,6.964,9.4,0.08,0.0,0.12,0.88,349.812,179.32,1204.84,0.16,Average
JFK-DEN-Southwest,JFK,DEN,Southwest,32,7.272,8.5,0.062,0.094,0.125,0.781,350.279,166.188,1149.406,0.219,Average
JFK-DEN-United,JFK,DEN,United,34,7.094,7.941,0.029,0.059,0.118,0.824,336.341,177.147,1286.118,0.059,Average
JFK-DFW-American_Airlines,JFK,DFW,American Airlines,37,6.886,8.514,0.081,0.108,0.162,0.73,331.806,178.108,1108.432,0.27,Needs Improvement
JFK-DFW-Delta,JFK,DFW,Delta,22,7.55,8.864,0.045,0.091,0.136,0.773,359.926,151.682,1183.773,0.182,Average
JFK-DFW-JetBlue,JFK,DFW,JetBlue,35,7.049,12.086,0.029,0.029,0.229,0.743,387.113,180.8,1208.743,0.171,Needs Improvement
JFK-DFW-Southwest,JFK,DFW,Southwest,24,7.125,9.917,0.042,0.0,0.208,0.792,362.627,171.042,1168.875,0.125,Average
JFK-DFW-United,JFK,DFW,United,30,6.563,11.133,0.067,0.033,0.133,0.833,335.671,175.033,1182.267,0.133,Average
JFK-JFK-American_Airlines,JFK,JFK,American Airlines,21,6.505,11.286,0.095,0.048,0.095,0.857,325.692,178.429,1290.857,0.19,Average
JFK-JFK-Delta,JFK,JFK,Delta,33,7.139,9.879,0.061,0.03,0.061,0.909,339.262,178.606,1142.152,0.091,Average
JFK-JFK-JetBlue,JFK,JFK,JetBlue,32,6.956,9.375,0.062,0.031,0.125,0.844,356.931,175.531,1130.062,0.188,Average
JFK-JFK-Southwest,JFK,JFK,Southwest,25,6.568,8.92,0.04,0.08,0.2,0.72,349.499,183.32,1229.04,0.08,Needs Improvement
JFK-JFK-United,JFK,JFK,United,44,7.036,10.477,0.023,0.136,0.159,0.705,348.708,176.727,1234.273,0.136,Needs Improvement
JFK-LAX-American_Airlines,JFK,LAX,American Airlines,31,7.397,13.839,0.065,0.065,0.032,0.903,358.623,169.452,1307.677,0.129,High Performing
JFK-LAX-Delta,JFK,LAX,Delta,37,6.886,9.351,0.081,0.054,0.054,0.892,328.452,178.784,1145.189,0.108,Average
JFK-LAX-JetBlue,JFK,LAX,JetBlue,41,7.251,12.488,0.073,0.122,0.122,0.756,345.903,196.049,1214.0,0.146,Average
JFK-LAX-Southwest,JFK,LAX,Southwest,25,7.124,8.08,0.04,0.04,0.12,0.84,339.882,171.4,1253.8,0.2,Average
JFK-LAX-United,JFK,LAX,United,27,7.126,8.852,0.037,0.074,0.185,0.741,386.827,181.741,1206.222,0.185,Needs Improvement
JFK-ORD-American_Airlines,JFK,ORD,American Airlines,33,6.879,10.788,0.03,0.03,0.121,0.848,342.361,169.606,1257.515,0.212,Average
JFK-ORD-Delta,JFK,ORD,Delta,33,7.209,11.97,0.061,0.0,0.121,0.879,352.658,186.515,1248.727,0.212,High Performing
JFK-ORD-JetBlue,JFK,ORD,JetBlue,30,6.517,10.267,0.033,0.067,0.167,0.767,356.041,167.733,1172.733,0.2,Average
JFK-ORD-Southwest,JFK,ORD,Southwest,34,7.197,9.088,0.029,0.059,0.118,0.824,351.38,173.853,1159.441,0.118,Average
JFK-ORD-United,JFK,ORD,United,26,6.7,9.962,0.0,0.077,0.231,0.692,364.757,163.615,1150.962,0.077,Needs Improvement
JFK-SEA-American_Airlines,JFK,SEA,American Airlines,32,6.919,9.938,0.031,0.062,0.281,0.656,337.936,186.469,1183.344,0.188,Needs Improvement
JFK-SEA-Delta,JFK,SEA,Delta,25,6.832,9.56,0.0,0.08,0.12,0.8,338.49,170.08,1183.4,0.24,Average
JFK-SEA-JetBlue,JFK,SEA,JetBlue,26,7.008,7.885,0.077,0.115,0.077,0.808,330.086,176.538,1099.5,0.115,Average
JFK-SEA-Southwest,JFK,SEA,Southwest,37,7.046,12.892,0.0,0.081,0.216,0.703,403.885,169.135,1200.919,0.189,Needs Improvement
JFK-SEA-United,JFK,SEA,United,30,6.743,6.767,0.133,0.0,0.167,0.833,344.498,182.333,1220.933,0.133,Average
JFK-SFO-American_Airlines,JFK,SFO,American Airlines,37,6.732,7.946,0.081,0.054,0.108,0.838,368.723,160.784,1118.784,0.108,Average
JFK-SFO-Delta,JFK,SFO,Delta,31,7.674,9.129,0.065,0.097,0.194,0.71,337.836,184.323,1258.742,0.129,Needs Improvement
JFK-SFO-JetBlue,JFK,SFO,JetBlue,32,7.119,9.281,0.094,0.062,0.062,0.875,351.425,166.562,1184.875,0.188,Average
JFK-SFO-Southwest,JFK,SFO,Southwest,32,7.322,9.031,0.062,0.125,0.094,0.781,373.19,162.625,1257.219,0.125,Average
JFK-SFO-United,JFK,SFO,United,28,6.786,9.321,0.036,0.0,0.071,0.929,330.769,193.393,1176.107,0.321,Average
LAX-ATL-American_Airlines,LAX,ATL,American Airlines,34,7.044,7.676,0.059,0.029,0.265,0.706,363.534,178.882,1201.118,0.206,Needs Improvement
LAX-ATL-Delta,LAX,ATL,Delta,26,6.542,9.846,0.077,0.115,0.115,0.769,321.385,183.654,1211.846,0.077,Average
LAX-ATL-JetBlue,LAX,ATL,JetBlue,18,7.417,7.778,0.111,0.0,0.222,0.778,349.473,177.556,1114.167,0.278,Average
LAX-ATL-Southwest,LAX,ATL,Southwest,28,7.096,11.607,0.071,0.071,0.214,0.714,358.203,181.286,1144.464,0.107,Needs Improvement
LAX-ATL-United,LAX,ATL,United,27,6.759,8.333,0.037,0.037,0.185,0.778,347.378,171.667,1148.185,0.222,Average
LAX-DEN-American_Airlines,LAX,DEN,American Airlines,47,6.745,12.319,0.106,0.064,0.149,0.787,338.76,170.106,1183.83,0.298,Average
LAX-DEN-Delta,LAX,DEN,Delta,32,6.878,8.688,0.094,0.0,0.188,0.812,315.579,176.625,1268.594,0.188,Average
LAX-DEN-JetBlue,LAX,DEN,JetBlue,32,6.744,8.719,0.062,0.062,0.188,0.75,338.874,195.469,1244.5,0.094,Average
LAX-DEN-Southwest,LAX,DEN,Southwest,31,6.69,10.645,0.032,0.032,0.161,0.806,304.843,173.742,1179.355,0.161,Average
LAX-DEN-United,LAX,DEN,United,20,6.78,9.7,0.0,0.0,0.3,0.7,349.876,173.4,1110.1,0.1,Needs Improvement
LAX-DFW-American_Airlines,LAX,DFW,American Airlines,37,7.065,7.432,0.054,0.0,0.216,0.784,340.007,190.432,1233.595,0.135,Average
LAX-DFW-Delta,LAX,DFW,Delta,41,6.493,14.122,0.049,0.098,0.146,0.756,373.3,180.707,1268.902,0.0,Needs Improvement
LAX-DFW-JetBlue,LAX,DFW,JetBlue,32,7.125,11.312,0.0,0.031,0.219,0.75,389.466,168.5,1197.438,0.156,Average
LAX-DFW-Southwest,LAX,DFW,Southwest,37,6.897,9.081,0.027,0.027,0.162,0.811,320.116,184.0,1228.324,0.216,Average
LAX-DFW-United,LAX,DFW,United,26,7.346,9.346,0.0,0.038,0.077,0.885,357.336,192.154,1155.154,0.038,High Performing
LAX-JFK-American_Airlines,LAX,JFK,American Airlines,32,6.916,12.938,0.031,0.0,0.062,0.938,331.727,185.906,1120.438,0.156,Average
LAX-JFK-Delta,LAX,JFK,Delta,27,6.933,7.593,0.037,0.074,0.148,0.778,372.55,192.741,1270.111,0.037,Average
LAX-JFK-JetBlue,LAX,JFK,JetBlue,41,7.085,10.659,0.098,0.073,0.049,0.878,368.579,173.293,1181.171,0.22,Average
LAX-JFK-Southwest,LAX,JFK,Southwest,44,7.032,10.318,0.045,0.114,0.159,0.727,361.332,180.818,1167.682,0.068,Needs Improvement
LAX-JFK-United,LAX,JFK,United,47,7.334,8.447,0.085,0.043,0.106,0.851,353.207,179.574,1249.043,0.234,High Performing
LAX-LAX-American_Airlines,LAX,LAX,American Airlines,33,7.282,8.485,0.061,0.0,0.212,0.788,314.245,178.152,1179.818,0.152,Average
LAX-LAX-Delta,LAX,LAX,Delta,39,6.887,13.615,0.051,0.051,0.256,0.692,360.078,167.795,1231.615,0.231,Needs Improvement
LAX-LAX-JetBlue,LAX,LAX,JetBlue,20,6.765,12.4,0.05,0.05,0.05,0.9,334.746,197.2,1145.55,0.15,Average
LAX-LAX-Southwest,LAX,LAX,Southwest,31,6.926,10.032,0.032,0.065,0.226,0.71,343.182,191.129,1204.194,0.129,Needs Improvement
LAX-LAX-United,LAX,LAX,United,33,6.588,8.03,0.061,0.0,0.091,0.909,342.494,178.061,1302.091,0.152,Average
LAX-ORD-American_Airlines,LAX,ORD,American Airlines,39,6.985,12.744,0.077,0.026,0.179,0.795,348.639,169.487,1095.872,0.154,Average
LAX-ORD-Delta,LAX,ORD,Delta,36,6.781,14.306,0.028,0.083,0.111,0.806,337.085,184.0,1160.833,0.139,Average
LAX-ORD-JetBlue,LAX,ORD,JetBlue,30,7.44,8.733,0.033,0.033,0.2,0.767,348.534,180.833,1283.2,0.133,Average
LAX-ORD-Southwest,LAX,ORD,Southwest,24,6.938,9.167,0.0,0.0,0.25,0.75,306.675,169.583,1147.333,0.167,Average
LAX-ORD-United,LAX,ORD,United,33,6.815,9.606,0.121,0.061,0.212,0.727,339.508,164.0,1205.303,0.152,Needs Improvement
LAX-SEA-American_Airlines,LAX,SEA,American Airlines,31,6.9,9.903,0.032,0.032,0.129,0.839,366.008,165.258,1221.581,0.194,Average
LAX-SEA-Delta,LAX,SEA,Delta,24,7.25,9.792,0.042,0.042,0.125,0.833,363.878,175.667,1239.25,0.25,Average
LAX-SEA-JetBlue,LAX,SEA,JetBlue,27,7.152,9.889,0.037,0.037,0.222,0.741,351.608,196.111,1225.852,0.111,Needs Improvement
LAX-SEA-Southwest,LAX,SEA,Southwest,36,6.839,10.111,0.0,0.056,0.167,0.778,330.27,184.583,1241.583,0.194,Average
LAX-SEA-United,LAX,SEA,United,37,7.105,8.189,0.054,0.054,0.108,0.838,361.62,173.081,1108.0,0.27,Average
LAX-SFO-American_Airlines,LAX,SFO,American Airlines,34,6.894,11.824,0.029,0.0,0.176,0.824,354.429,194.059,1121.441,0.088,Average
LAX-SFO-Delta,LAX,SFO,Delta,30,7.04,8.8,0.033,0.067,0.1,0.833,353.177,183.1,1198.967,0.1,Average
LAX-SFO-JetBlue,LAX,SFO,JetBlue,34,7.032,12.206,0.059,0.059,0.294,0.647,320.059,187.853,1238.735,0.176,Needs Improvement
LAX-SFO-Southwest,LAX,SFO,Southwest,27,7.059,8.593,0.037,0.037,0.296,0.667,334.733,186.481,1334.259,0.111,Needs Improvement
LAX-SFO-United,LAX,SFO,United,30,6.857,10.867,0.133,0.0,0.1,0.9,340.007,185.933,1106.067,0.2,Average
ORD-ATL-American_Airlines,ORD,ATL,American Airlines,28,6.961,8.643,0.071,0.036,0.321,0.643,378.326,174.036,1241.179,0.179,Needs Improvement
ORD-ATL-Delta,ORD,ATL,Delta,26,6.238,11.769,0.0,0.115,0.077,0.808,340.253,182.192,1202.038,0.0,Needs Improvement
ORD-ATL-JetBlue,ORD,ATL,JetBlue,25,7.112,11.52,0.04,0.12,0.16,0.72,364.687,173.16,1195.4,0.24,Needs Improvement
ORD-ATL-Southwest,ORD,ATL,Southwest,26,7.108,7.846,0.115,0.077,0.077,0.846,352.409,195.115,1262.231,0.154,Average
ORD-ATL-United,ORD,ATL,United,38,7.542,8.368,0.079,0.053,0.211,0.737,353.019,187.658,1178.579,0.079,Needs Improvement
ORD-DEN-American_Airlines,ORD,DEN,American Airlines,28,7.271,7.143,0.0,0.036,0.036,0.929,318.089,174.5,1138.393,0.036,High Performing
ORD-DEN-Delta,ORD,DEN,Delta,34,7.021,10.853,0.059,0.029,0.147,0.824,342.96,174.794,1244.559,0.088,Average
ORD-DEN-JetBlue,ORD,DEN,JetBlue,30,6.95,10.967,0.067,0.033,0.133,0.833,371.774,167.433,1189.567,0.1,Average
ORD-DEN-Southwest,ORD,DEN,Southwest,29,7.238,9.759,0.034,0.034,0.207,0.759,329.149,194.552,1209.414,0.069,Average
ORD-DEN-United,ORD,DEN,United,31,6.671,8.774,0.065,0.065,0.065,0.871,349.603,160.29,1240.161,0.194,Average
ORD-DFW-American_Airlines,ORD,DFW,American Airlines,25,6.996,10.84,0.12,0.08,0.24,0.68,332.441,177.32,1090.84,0.04,Needs Improvement
ORD-DFW-Delta,ORD,DFW,Delta,24,7.433,8.542,0.042,0.042,0.125,0.833,371.867,183.625,1177.625,0.125,Average
ORD-DFW-JetBlue,ORD,DFW,JetBlue,33,7.003,8.0,0.061,0.03,0.091,0.879,365.995,179.697,1171.788,0.182,Average
ORD-DFW-Southwest,ORD,DFW,Southwest,32,7.144,7.25,0.031,0.031,0.094,0.875,341.006,188.0,1136.938,0.188,Average
ORD-DFW-United,ORD,DFW,United,28,7.282,8.679,0.036,0.036,0.25,0.714,359.047,179.714,1224.75,0.214,Needs Improvement
ORD-JFK-American_Airlines,ORD,JFK,American Airlines,21,6.2,7.429,0.0,0.095,0.286,0.619,364.899,185.762,1170.476,0.048,Needs Improvement
ORD-JFK-Delta,ORD,JFK,Delta,29,6.755,11.69,0.103,0.172,0.103,0.724,353.427,182.931,1183.793,0.207,Needs Improvement
ORD-JFK-JetBlue,ORD,JFK,JetBlue,35,7.049,10.543,0.029,0.114,0.086,0.8,325.941,188.143,1086.914,0.143,Average
ORD-JFK-Southwest,ORD,JFK,Southwest,25,6.3,9.0,0.04,0.12,0.16,0.72,351.937,178.6,1192.64,0.24,Needs Improvement
ORD-JFK-United,ORD,JFK,United,26,6.654,8.846,0.038,0.0,0.192,0.808,361.969,180.462,1179.846,0.115,Average
ORD-LAX-American_Airlines,ORD,LAX,American Airlines,26,6.585,12.077,0.0,0.038,0.115,0.846,355.817,164.154,1285.692,0.192,Average
ORD-LAX-Delta,ORD,LAX,Delta,43,6.951,9.651,0.07,0.116,0.163,0.721,353.809,171.186,1162.953,0.209,Needs Improvement
ORD-LAX-JetBlue,ORD,LAX,JetBlue,30,7.52,13.4,0.133,0.167,0.133,0.7,348.062,184.867,1256.633,0.0,Needs Improvement
ORD-LAX-Southwest,ORD,LAX,Southwest,38,6.724,6.053,0.026,0.053,0.158,0.789,354.211,171.842,1084.421,0.158,Average
ORD-LAX-United,ORD,LAX,United,28,6.746,8.929,0.0,0.0,0.107,0.893,335.5,168.25,1327.857,0.143,Average
ORD-ORD-American_Airlines,ORD,ORD,American Airlines,36,6.839,10.417,0.083,0.111,0.111,0.778,335.978,175.278,1181.25,0.111,Average
ORD-ORD-Delta,ORD,ORD,Delta,27,7.044,6.704,0.037,0.037,0.259,0.704,333.078,185.593,1201.407,0.148,Needs Improvement
ORD-ORD-JetBlue,ORD,ORD,JetBlue,34,7.238,10.588,0.059,0.059,0.147,0.794,360.456,173.206,1192.588,0.147,Average
ORD-ORD-Southwest,ORD,ORD,Southwest,30,7.19,10.1,0.067,0.0,0.2,0.8,365.552,175.967,1189.5,0.267,Average
ORD-ORD-United,ORD,ORD,United,34,7.156,8.912,0.059,0.059,0.088,0.853,358.356,182.559,1257.265,0.088,Average
ORD-SEA-American_Airlines,ORD,SEA,American Airlines,33,6.6,11.545,0.091,0.152,0.061,0.788,337.756,172.091,1127.182,0.121,Average
ORD-SEA-Delta,ORD,SEA,Delta,35,6.943,9.429,0.029,0.086,0.171,0.743,364.938,184.114,1113.571,0.057,Needs Improvement
ORD-SEA-JetBlue,ORD,SEA,JetBlue,31,7.235,9.806,0.032,0.065,0.194,0.742,319.565,192.903,1162.903,0.161,Needs Improvement
ORD-SEA-Southwest,ORD,SEA,Southwest,39,6.467,9.231,0.051,0.051,0.205,0.744,353.613,180.256,1240.359,0.128,Needs Improvement
ORD-SEA-United,ORD,SEA,United,22,7.277,14.727,0.045,0.136,0.091,0.773,389.319,199.909,1193.727,0.136,Average
ORD-SFO-American_Airlines,ORD,SFO,American Airlines,32,6.744,9.344,0.031,0.094,0.125,0.781,379.795,171.375,1134.062,0.094,Average
ORD-SFO-Delta,ORD,SFO,Delta,39,7.228,12.41,0.051,0.051,0.128,0.821,366.691,164.487,1229.718,0.179,Average
ORD-SFO-JetBlue,ORD,SFO,JetBlue,33,7.139,11.182,0.03,0.091,0.121,0.788,322.135,181.242,1273.667,0.091,Average
ORD-SFO-Southwest,ORD,SFO,Southwest,41,6.649,9.805,0.098,0.073,0.073,0.854,371.922,183.171,1132.0,0.244,Average
ORD-SFO-United,ORD,SFO,United,26,6.723,9.808,0.077,0.038,0.231,0.731,349.169,190.923,1296.154,0.154,Needs Improvement
SEA-ATL-American_Airlines,SEA,ATL,American Airlines,40,7.182,8.6,0.075,0.075,0.2,0.725,338.878,172.1,1167.25,0.1,Needs Improvement
SEA-ATL-Delta,SEA,ATL,Delta,28,6.789,10.857,0.0,0.071,0.036,0.893,382.624,186.25,1154.393,0.143,Average
SEA-ATL-JetBlue,SEA,ATL,JetBlue,31,7.065,10.161,0.161,0.065,0.129,0.806,344.932,185.645,1213.581,0.065,Average
SEA-ATL-Southwest,SEA,ATL,Southwest,20,7.835,12.3,0.0,0.0,0.15,0.85,329.659,182.9,1268.25,0.1,High Performing
SEA-ATL-United,SEA,ATL,United,31,7.003,9.129,0.032,0.065,0.161,0.774,354.494,196.548,1179.387,0.097,Average
SEA-DEN-American_Airlines,SEA,DEN,American Airlines,32,6.947,9.531,0.094,0.125,0.125,0.75,350.411,187.5,1226.938,0.188,Average
SEA-DEN-Delta,SEA,DEN,Delta,34,7.335,13.353,0.059,0.059,0.118,0.824,333.755,175.0,1160.5,0.029,Average
SEA-DEN-JetBlue,SEA,DEN,JetBlue,25,7.064,7.92,0.04,0.0,0.16,0.84,339.973,186.44,1260.76,0.16,Average
SEA-DEN-Southwest,SEA,DEN,Southwest,27,6.804,9.481,0.0,0.037,0.148,0.815,361.435,166.926,1253.667,0.074,Average
SEA-DEN-United,SEA,DEN,United,32,6.762,7.062,0.031,0.125,0.156,0.719,339.456,195.312,1178.344,0.188,Needs Improvement
SEA-DFW-American_Airlines,SEA,DFW,American Airlines,30,6.54,9.033,0.067,0.0,0.2,0.8,356.597,195.833,1206.367,0.167,Average
SEA-DFW-Delta,SEA,DFW,Delta,33,7.327,11.848,0.061,0.03,0.212,0.758,341.954,189.879,1192.394,0.212,Average
SEA-DFW-JetBlue,SEA,DFW,JetBlue,24,7.258,9.25,0.042,0.0,0.208,0.792,327.562,177.583,1160.958,0.208,Average
SEA-DFW-Southwest,SEA,DFW,Southwest,29,7.193,8.897,0.034,0.034,0.241,0.724,338.677,195.966,1183.483,0.172,Needs Improvement
SEA-DFW-United,SEA,DFW,United,39,7.115,10.538,0.051,0.0,0.103,0.897,358.441,189.641,1119.385,0.154,Average
SEA-JFK-American_Airlines,SEA,JFK,American Airlines,37,7.068,11.703,0.027,0.054,0.135,0.811,374.012,184.892,1170.514,0.135,Average
SEA-JFK-Delta,SEA,JFK,Delta,44,6.798,10.955,0.045,0.091,0.136,0.773,351.103,170.568,1246.432,0.114,Average
SEA-JFK-JetBlue,SEA,JFK,JetBlue,21,6.729,10.714,0.0,0.0,0.095,0.905,391.147,159.048,1138.952,0.19,Average
SEA-JFK-Southwest,SEA,JFK,Southwest,39,6.849,6.41,0.077,0.128,0.231,0.641,358.816,178.949,1267.872,0.077,Needs Improvement
SEA-JFK-United,SEA,JFK,United,31,6.458,9.355,0.032,0.032,0.129,0.839,346.107,172.516,1184.903,0.194,Needs Improvement
SEA-LAX-American_Airlines,SEA,LAX,American Airlines,31,7.481,8.0,0.032,0.065,0.097,0.839,371.079,180.71,1201.258,0.097,Average
SEA-LAX-Delta,SEA,LAX,Delta,32,6.8,12.969,0.094,0.031,0.0,0.969,372.402,189.594,1275.625,0.219,Average
SEA-LAX-JetBlue,SEA,LAX,JetBlue,31,6.832,8.129,0.129,0.032,0.226,0.742,350.645,173.419,1237.968,0.161,Needs Improvement
SEA-LAX-Southwest,SEA,LAX,Southwest,27,6.633,7.926,0.0,0.111,0.074,0.815,337.969,172.926,1095.519,0.185,Average
SEA-LAX-United,SEA,LAX,United,35,6.806,9.657,0.029,0.029,0.086,0.886,365.443,166.257,1251.886,0.229,Average
SEA-ORD-American_Airlines,SEA,ORD,American Airlines,43,7.286,10.233,0.047,0.07,0.093,0.837,371.562,184.163,1148.186,0.163,Average
SEA-ORD-Delta,SEA,ORD,Delta,26,6.612,10.615,0.038,0.154,0.115,0.731,345.408,200.269,1224.346,0.154,Needs Improvement
SEA-ORD-JetBlue,SEA,ORD,JetBlue,34,7.112,9.588,0.0,0.029,0.118,0.853,364.808,186.853,1176.706,0.235,Average
SEA-ORD-Southwest,SEA,ORD,Southwest,32,6.725,12.844,0.062,0.031,0.094,0.875,357.992,164.25,1268.062,0.188,Average
SEA-ORD-United,SEA,ORD,United,31,6.465,9.161,0.226,0.161,0.194,0.645,344.879,178.452,1188.129,0.226,Needs Improvement
SEA-SEA-American_Airlines,SEA,SEA,American Airlines,29,6.707,10.207,0.103,0.069,0.103,0.828,330.691,189.034,1141.897,0.172,Average
SEA-SEA-Delta,SEA,SEA,Delta,22,6.977,11.273,0.0,0.045,0.136,0.818,363.903,157.909,1191.636,0.227,Average
SEA-SEA-JetBlue,SEA,SEA,JetBlue,30,6.62,10.867,0.033,0.067,0.1,0.833,352.31,190.0,1257.633,0.167,Average
SEA-SEA-Southwest,SEA,SEA,Southwest,30,7.07,10.867,0.067,0.033,0.0,0.967,338.339,189.233,1217.133,0.2,Average
SEA-SEA-United,SEA,SEA,United,28,6.875,9.357,0.036,0.0,0.036,0.964,348.917,190.286,1269.786,0.143,Average
SEA-SFO-American_Airlines,SEA,SFO,American Airlines,33,6.985,9.606,0.091,0.061,0.242,0.697,365.857,192.758,1196.394,0.212,Needs Improvement
SEA-SFO-Delta,SEA,SFO,Delta,35,7.083,7.914,0.029,0.029,0.086,0.886,339.7,170.886,1220.771,0.057,Average
SEA-SFO-JetBlue,SEA,SFO,JetBlue,23,6.417,9.609,0.043,0.043,0.174,0.783,346.202,197.609,1077.043,0.217,Needs Improvement
SEA-SFO-Southwest,SEA,SFO,Southwest,33,6.864,9.364,0.0,0.121,0.212,0.667,359.751,172.485,1108.606,0.091,Needs Improvement
SEA-SFO-United,SEA,SFO,United,31,6.984,10.29,0.065,0.065,0.129,0.806,335.641,192.065,1252.258,0.29,Average
SFO-ATL-American_Airlines,SFO,ATL,American Airlines,32,6.891,7.25,0.0,0.0,0.062,0.938,351.577,170.656,1184.281,0.156,Average
SFO-ATL-Delta,SFO,ATL,Delta,23,6.878,11.087,0.087,0.0,0.087,0.913,358.228,177.435,1261.217,0.174,Average
SFO-ATL-JetBlue,SFO,ATL,JetBlue,34,6.944,11.824,0.029,0.059,0.059,0.882,344.523,196.324,1176.618,0.118,Average
SFO-ATL-Southwest,SFO,ATL,Southwest,30,6.837,8.267,0.1,0.067,0.167,0.767,324.237,188.6,1169.4,0.267,Average
SFO-ATL-United,SFO,ATL,United,33,7.067,9.636,0.061,0.061,0.152,0.788,336.225,186.939,1155.424,0.121,Average
SFO-DEN-American_Airlines,SFO,DEN,American Airlines,30,7.153,9.167,0.067,0.2,0.2,0.6,348.199,181.833,1207.433,0.1,Needs Improvement
SFO-DEN-Delta,SFO,DEN,Delta,22,7.468,13.136,0.045,0.0,0.273,0.727,359.92,158.727,1290.273,0.182,Needs Improvement
SFO-DEN-JetBlue,SFO,DEN,JetBlue,29,7.245,9.207,0.034,0.103,0.207,0.69,350.644,164.172,1263.793,0.069,Needs Improvement
SFO-DEN-Southwest,SFO,DEN,Southwest,31,6.703,12.871,0.032,0.065,0.161,0.774,335.325,197.097,1296.419,0.097,Average
SFO-DEN-United,SFO,DEN,United,38,7.189,10.474,0.053,0.0,0.158,0.842,348.6,184.421,1194.447,0.158,Average
SFO-DFW-American_Airlines,SFO,DFW,American Airlines,37,6.641,10.054,0.027,0.081,0.081,0.838,350.844,178.757,1211.243,0.081,Average
SFO-DFW-Delta,SFO,DFW,Delta,39,7.036,10.744,0.051,0.051,0.077,0.872,358.546,183.897,1198.308,0.205,Average
SFO-DFW-JetBlue,SFO,DFW,JetBlue,24,6.846,9.167,0.042,0.0,0.125,0.875,390.192,170.083,1263.042,0.083,Average
SFO-DFW-Southwest,SFO,DFW,Southwest,19,7.268,7.684,0.053,0.158,0.158,0.684,371.673,183.632,1220.526,0.158,Needs Improvement
SFO-DFW-United,SFO,DFW,United,39,6.944,9.795,0.128,0.103,0.128,0.769,355.567,162.282,1278.154,0.205,Average
SFO-JFK-American_Airlines,SFO,JFK,American Airlines,32,6.838,10.75,0.0,0.031,0.062,0.906,325.923,155.469,1263.062,0.281,Average
SFO-JFK-Delta,SFO,JFK,Delta,30,6.8,8.033,0.0,0.133,0.167,0.7,365.279,170.4,1141.233,0.1,Needs Improvement
SFO-JFK-JetBlue,SFO,JFK,JetBlue,33,7.003,10.424,0.061,0.061,0.121,0.818,341.348,163.455,1143.212,0.121,Average
SFO-JFK-Southwest,SFO,JFK,Southwest,29,7.538,11.517,0.034,0.034,0.172,0.793,337.076,176.0,1167.034,0.207,Average
SFO-JFK-United,SFO,JFK,United,26,6.592,11.192,0.038,0.0,0.077,0.923,351.703,168.154,1145.769,0.231,Average
SFO-LAX-American_Airlines,SFO,LAX,American Airlines,27,6.967,10.0,0.074,0.037,0.111,0.852,355.091,167.444,1179.704,0.185,Average
SFO-LAX-Delta,SFO,LAX,Delta,38,6.8,9.553,0.053,0.053,0.184,0.763,338.79,167.158,1171.289,0.132,Average
SFO-LAX-JetBlue,SFO,LAX,JetBlue,49,6.894,8.612,0.061,0.0,0.184,0.816,361.066,181.776,1222.224,0.061,Average
SFO-LAX-Southwest,SFO,LAX,Southwest,28,7.061,7.393,0.036,0.036,0.179,0.786,345.568,162.929,1193.179,0.107,Average
SFO-LAX-United,SFO,LAX,United,30,6.66,11.9,0.033,0.067,0.2,0.733,380.064,193.4,1280.5,0.167,Needs Improvement
SFO-ORD-American_Airlines,SFO,ORD,American Airlines,32,6.844,7.75,0.031,0.062,0.094,0.844,312.502,170.281,1238.344,0.031,Average
SFO-ORD-Delta,SFO,ORD,Delta,36,7.033,8.5,0.0,0.0,0.167,0.833,323.301,203.056,1127.278,0.111,Average
SFO-ORD-JetBlue,SFO,ORD,JetBlue,34,6.868,8.206,0.029,0.029,0.118,0.853,309.844,183.824,1210.941,0.206,Average
SFO-ORD-Southwest,SFO,ORD,Southwest,32,7.006,13.906,0.031,0.031,0.156,0.812,339.334,169.906,1233.25,0.125,Average
SFO-ORD-United,SFO,ORD,United,21,6.576,11.429,0.0,0.048,0.143,0.81,348.808,181.0,1204.476,0.143,Average
SFO-SEA-American_Airlines,SFO,SEA,American Airlines,30,7.03,12.0,0.0,0.067,0.133,0.8,325.621,181.8,1170.8,0.1,Average
SFO-SEA-Delta,SFO,SEA,Delta,41,7.08,13.171,0.098,0.049,0.073,0.878,337.232,176.415,1171.634,0.122,Average
SFO-SEA-JetBlue,SFO,SEA,JetBlue,24,7.0,9.208,0.042,0.042,0.042,0.917,356.34,180.5,1355.583,0.208,Average
SFO-SEA-Southwest,SFO,SEA,Southwest,30,6.847,11.567,0.0,0.033,0.133,0.833,343.432,181.433,1231.667,0.067,Average
SFO-SEA-United,SFO,SEA,United,32,7.272,8.125,0.125,0.062,0.125,0.812,352.163,194.312,1198.0,0.125,Average
SFO-SFO-American_Airlines,SFO,SFO,American Airlines,24,6.954,9.625,0.042,0.0,0.167,0.833,350.403,192.833,1191.833,0.042,Average
SFO-SFO-Delta,SFO,SFO,Delta,35,7.189,10.857,0.0,0.0,0.2,0.8,360.964,194.8,1187.429,0.229,Average
SFO-SFO-JetBlue,SFO,SFO,JetBlue,31,6.665,10.387,0.032,0.097,0.194,0.71,374.273,168.419,1234.194,0.129,Needs Improvement
SFO-SFO-Southwest,SFO,SFO,Southwest,28,6.914,8.643,0.071,0.0,0.143,0.857,367.855,177.857,1232.964,0.143,Average
SFO-SFO-United,SFO,SFO,United,35,6.754,9.6,0.029,0.029,0.171,0.8,342.341,172.714,1239.229,0.143,Average
